{"MasterVolume":1.0,"MusicVolume":0.009999999776482582,"SoundEffectVolume":0.41379958391189577}